search_keyword_for_job,job_title,job_url,company,location,job_type,salary,posted_on,job_qualification,job_description,department,roles
Data Engineer,Azure Data Engineer,https://www.simplyhired.com/search?q=Data Engineer&l=united+states&t=1&job=tkI55HPm6TLoYtAUAFzJBhVtX5oejf5U-6dFSfeei4LGCjjgApqMnA, highbrow-tech LLC," North Chicago, IL", Full-time, $65 - $70 an hour,2023-11-02,"['7 years', 'Azure', '6 years', 'SQL']","['Role: Azure Data Engineer', 'New skill set required for GRS modularization and cloud migration: Expertise in Azure cloud, middle tier, back-end, SQL/Synapse', 'Chicago IL', 'Job Type: Full-time', 'Salary: $65.00 - $70.00 per hour', 'Expected hours: 50 per week', 'Benefits:', '401(k)', 'Dental insurance', 'Health insurance', 'Vision insurance', 'Compensation package:', 'Monthly bonus', 'Quarterly bonus', 'Signing bonus', 'Yearly bonus', 'Experience level:', '6 years', '7 years', 'Schedule:', '8 hour shift', 'Monday to Friday', 'Willingness to travel:', '100% (Required)', 'Work Location: Hybrid remote in North Chicago, IL 60064']",Data Engineering,Data Engineer
Data Engineer,Sr. Data Engineer,https://www.simplyhired.com/search?q=Data Engineer&l=united+states&t=1&job=_N8B0oj9RuT3snL5eoMu_x6tXlFRlZMYnxwyjrbYZWyWIG5gEDBiDA, Amaze systems, Remote, Contract, From $60 an hour,2023-11-02,"['Elasticsearch', '6 years', 'Data structures', 'Spark', 'R', 'Java', 'SQL', 'Data analytics', '9 years', 'Communication skills', 'Data warehouse', 'Python', 'Analytics', 'Hadoop']","['Job Title - Data Engineer', 'Remote Position', 'Job Details:', 'Excellent communication skills.', 'Sound Python and SQL coding skills.', 'Good understanding of data structures.', 'Experience with data and analytics technology like Hadoop, Spark, Java, Python, R, ElasticSearch etc.', 'Job Type: Contract', 'Salary: From $60.00 per hour', 'Experience level:', '9 years', 'Experience:', 'Data analytics: 10 years (Required)', 'Data structures: 6 years (Required)', 'Data warehouse: 1 year (Preferred)', 'Work Location: Remote']",Data Engineering,Data Engineer
Data Engineer,Data Engineer,https://www.simplyhired.com/search?q=Data Engineer&l=united+states&t=1&job=zxZVZQ85XSXaMgjA-g8jTl3z3tfLAjhUUp-V3ZHKDWGAzq-JwjOOZg, iOLAP," Frisco, TX", Full-time, Estimated: $106K - $134K a year,2023-11-02,"['Cloud infrastructure', 'Azure', 'Data lake', 'Azure Data Lake', 'DevOps', 'SQL', 'Agile', 'Unit testing', 'Python', 'SDLC']","['Do you like building data systems and pipelines? Do you enjoy interpreting trends and patterns? Are you able to recognize the', 'deeper meaning of data', '?', '', 'Join iOLAP, an Elixirr Company, as a', 'Data Engineer', 'and help us analyze and organize raw data to provide valuable business insights to our clients and stakeholders!', '', 'As', 'Data Engineer', ', you will be responsible to ensure the availability and quality of the data so that it becomes usable by target data users. You will be working on a set of operations aimed at creating processes and mechanisms for the flow and access of data in accordance with the project scope and deadlines!', '', 'Discover the opportunity to join our', 'Data & Analytics', 'department and work closely with a group of like-minded individuals with cutting-edge technologies!', 'What you will be doing as a Data Engineer at iOLAP?', 'Working closely with Data Architects on Azure architecture designs', 'Maintaining and building data ecosystems by working on the implementation of data ingestions, often in collaboration with other data engineers, analysts, DevOps, and data scientists', 'Ensuring the security of cloud infrastructure and processes by implementing best practices', 'Applying modern principles and methodologies to advance business initiatives and capabilities', 'Identifying and consulting on ways to improve data processing, reliability, efficiency, and quality, as well as solution cost and performance', 'Preparing test cases and strategies for unit testing, system, and integration testing', 'We build with:', 'Competencies and skillset we expect you to have to successfully perform your job:', 'Strong', 'Python', 'knowledge', 'Strong', 'SQL', 'knowledge', 'Previous working experience with the', 'Azure', 'data stack (Azure Data Factory, Azure Data Lake)', 'Bonus points if you have:', 'Experience with software development lifecycle methodologies, including Agile methodologies', 'We could be a perfect fit if you are:', 'Wonder why iOLAP is the best place to work?', 'Intrigued? Apply now!']",Data Engineering,Data Engineer
Data Engineer,Azure Data Engineer,https://www.simplyhired.com/search?q=Data Engineer&l=united+states&t=1&job=ONBxH91Bt50JNbPAaEHvbDRY080BURRpMP1tsBNZ4XeIwu9sgIhlzg, Violetink LLC," Hudson, TX", Contract, $55 - $60 an hour,2023-11-02,"['CI/CD', 'Power BI', 'Azure', 'Data lake', 'Azure Data Lake', 'DevOps', '11+ years', 'SSRS', 'SQL', 'SSIS', 'Python']","['Top Priority Req.!!', 'Data Engineer', 'Huston, TX C2C', 'Key Area panel are looking onto.:', 'Azure CI/CD Devops pipeline work', 'Skills:', 'ADF', 'Azure Data Lake', 'Data bricks', 'Python', 'Power BI', 'SQL', 'SSIS', 'SSRS', 'SSAS', 'Job Type: Contract', 'Salary: $55.00 - $60.00 per hour', 'Experience level:', '11+ years', 'Work Location: On the road']",Data Engineering,Data Engineer
Data Engineer,Lead Data Engineer,https://www.simplyhired.com/search?q=Data Engineer&l=united+states&t=1&job=bdFb4vSGB4BH2NNiwe9o1m55mkqv9XSdAC_S8YNiRfcrnaHgaj5WEw, AgileEngine - 4.8 , Remote, Full-time | Contract, Estimated: $135K - $171K a year,2023-11-02,"['Asset management', 'Performance tuning', 'Wealth management', 'Business intelligence', 'Bamboo', 'Kubernetes', 'Git', 'Google Cloud Platform', 'Analysis skills', 'Docker', 'ETL', 'Financial services', 'Apache', 'Data warehouse', 'Python']","['$2000 Sign-in Bonus', 'Must haves', 'Data Warehousing and Dimensional Data Modeling on Snowflake;', 'ETL is the core but working knowledge of Python. Cloud data integration services with ETL Knowledge;', 'Worked with Google Cloud Platform (Composer, Google Cloud Storage, Big Query);', 'Experience with Apache Airflow;', 'Experience with Docker and Kubernetes;', 'Working financial services experience: asset management and wealth management business knowledge, for example: investment life cycle, knowledge of financial products, and compliance;', 'Experience in functional analysis, architecture, design, development, and management of dimensional data models;', 'Analytical Reporting, Business Intelligence, and Data Warehouse;', 'Testing Experience (e.g. Pytest);', 'Experience with BitBucket and Git Bamboo;', 'Experience with Snowpipe, SnowSQL, and Working Experience on Performance Tuning, Cluster Keys, Warehouse, and Including.', 'Nice to haves', 'For data modeling: Erwin Data Modeler.', 'The benefits of joining us', 'Professional growth', 'Accelerate your professional journey with mentorship, TechTalks, and personalized growth roadmaps', 'Competitive compensation', 'We match your ever-growing skills, talent, and contributions with competitive USD-based compensation and budgets for education, fitness, and team activities', 'A selection of exciting projects', 'Join projects with modern solutions development and top-tier clients that include Fortune 500 enterprises and leading product brands', 'Flextime', 'Tailor your schedule for an optimal work-life balance, by having the options of working from home and going to the office – whatever makes you the happiest and most productive.', 'Job Types: Full-time, Contract', 'Work Location: Remote']",Data Engineering,Data Engineer
Data Engineer,Data Engineer,https://www.simplyhired.com/search?q=Data Engineer&l=united+states&t=1&job=-jPXtdikFXgKyVA7M49tcgFPbl2Q0rIozOJUhwEX8rttRX201WxFaQ, Mind Mint," Scottsdale, AZ", Full-time," $100,000 - $120,000 a year",2023-11-02,"['5 years', 'SQL', 'Database design', ""Bachelor's degree"", 'Scripting', 'APIs', 'Communication skills', 'Python', 'MySQL']","['JOIN AN AMAZING COMPANY AND GLOBALLY RECOGNIZED BRAND', '', 'DIVE INTO INTRIGUING PROJECTS AND LEVEL UP YOUR SKILLS', '', 'WORK WITH A FUN TEAM ONSITE IN SCOTTSDALE ARIZONA', 'Are you ready to embark on an', 'exciting challenge in the field of data engineering', '?', 'Do you possess a genuine passion for unraveling patterns and', 'crafting insightful solutions', 'through data engineering?', 'Can you envision yourself', 'delivering impactful outcomes', ""that align with our company's objectives through data-driven solutions?"", 'If so, we have an opportunity that will ignite your enthusiasm for data engineering and propel your career to new heights.', 'Mastermind.com, created in partnership by Dean Graziosi and Tony Robbins, is the #1 online platform for people who are looking to market and monetize their knowledge base. Mastermind has a worldwide following and touches lives all over the world.', 'We are seeking a world-class', 'Data Engineer', 'to join our IT team. Here is your chance to help take our company to new heights.', 'THE ROLE', '️ Build tools and solutions that automate complex workflows', '️ Create data pipelines and maintain the infrastructure and architecture for data generation, storage, and processing', 'Build systems that collect, manage, and convert raw data into usable information', 'This is a role that involves solving complex technical issues and working collaboratively with our team. You will report directly to the', 'Chief Technology Officer', '.', 'Our interview process will include a', 'technical assessment', 'and peer code review to assess your technical proficiency.', '', 'This Data Engineer position is based in Phoenix, Arizona, and will require you to work from the Mastermind headquarters in Scottsdale, AZ.', 'We provide an excellent compensation model based on experience ranging from', '$100k-120k.', 'This opportunity is', 'only available for USA residents', 'with valid work authorization.', 'We DO NOT offer sponsorship or relocation.', 'REQUIREMENTS', '', '', 'You must have 5 years experience in designing and maintaining MySQL', '', 'You must have experience with cloud data warehouses (preferably BigQuery), dbt, or Python experience', '', 'You must have SQL development experience', '', 'You must have experience with spreadsheet manipulation in SQL', '', 'You must be able to write custom queries to answer any question about the data without leaving a SQL environment.', '', 'You must have experience querying and manipulating large datasets', '', 'Bachelor’s degree in a technical field or equivalent related work experience', '', 'Ability to utilize Fivetran and Stitch for extracting and loading data into BigQuery', '', 'Strong understanding of database design', '', 'Experience with Web APIs and pulling data from them, preferably in Python, is a plus', '', 'Excellent problem-solving and communication skills', '', 'Experience querying and manipulating large datasets', '', 'Experience with data parsing, scripting, and automation', 'RESPONSIBILITIES', '', '', 'Design and create database objects, such as tables, stored procedures, and views.', '', 'Conduct technical research and data profiling on various data sources, utilizing technologies like Python, APIs, and SQL.', '', 'Innovatively propose technical data solutions to address business challenges.', '', 'Perform dimensional data modeling and optimize database objects for accessibility, performance, and consistency.', '', 'Collaborate with business stakeholders to gather and understand data requirements.', '', 'Communicate data concepts, reports, KPIs, and other technical subjects in a business-friendly language.', '', 'Develop ETL applications using SQL, Python, etc., for data extraction, transformation, and loading.', '', 'Document development standards, KPI calculations, business terms, table diagrams, and other relevant information related to data and reports.', '', 'Keep up-to-date with emerging technologies and trends in data engineering', '', 'Perform other duties as assigned.', 'PERKS & BENEFITS', 'Competitive salary and compensation', '', 'Excellent Medical benefits', '', 'EOY Profit Sharing', '', '401(k) administration and matching program', '', 'Incredible opportunities for growth and development', '', 'Amazing in-office culture', '', 'Become part of a mission-team making a difference!', 'HOW TO APPLY', 'Ready to dive into the fascinating realm of data engineering and take your skills to new heights as a', 'Data Engineer', '?', ""If so, we invite you to join our exceptional team, where you'll have the opportunity to unleash the power of data, shape the future of data-driven decision-making, and embark on a fulfilling career journey."", 'Click the', '""Apply Now', '"" button below to take the first step toward an exciting future.', '', ""We can't wait to review your application and explore the endless possibilities of working together."", 'About Mastermind.com', '', 'Mastermind.com, created in partnership by Dean Graziosi and Tony Robbins, is the #1 online platform for people who are looking to market and monetize their knowledge base. We are redefining what ""Self-Education"" means to the world.', 'Mastermind is not just ""another software"" but an all-in-one platform for Education, Entertainment, Implementation & Community. Mastermind serves people worldwide who seek transformation, fulfillment, and success outside the traditional education path.', 'The Mastermind software empowers and enables you to implement what you learn & actually get paid, in addition providing a community where you are surrounded by like-minded individuals cheering you on to YOUR NEXT LEVEL.']",Data Engineering,Data Engineer
Data Engineer,Senior Data Engineer,https://www.simplyhired.com/search?q=Data Engineer&l=united+states&t=1&job=_q55mN6T2WglVnQZ876iFwuSDLocTZY9cfL92R8M3O9FWaucB6bXGw, AgileEngine - 4.8 , Remote, Full-time | Contract, Estimated: $117K - $149K a year,2023-11-02,"['Elasticsearch', '6 years', 'Bamboo', 'Spark', 'AWS', 'PostgreSQL', 'Scala', 'Terraform', 'ETL', 'DynamoDB', 'Quantitative research', 'Python', 'MySQL']","['What you will do', 'Designing, implementing, and maintaining ETL pipelines;', 'Implement the best practices of Data Ops;', 'Hands-on coding;', 'Identify and resolve data quality issues.', 'Must haves', 'Strong experience with Python and MySQL;', 'Working experience with Airflow;', 'Experience with Postgres;', 'General working knowledge with AWS;', 'Strong experience with ETL pipelines;', 'Statistical and Mathematical experience.', 'Nice to haves', 'AWS ETL Migration experience;', 'Quantitative Research & Stats knowledge;', 'Experience with Scala and Spark;', 'Worked with DynamoDB, BItbucket, and Bamboo;', 'Knowledge of Map-reduce, OpenSearch, and Elastic Search;', 'Terraform;', 'Financial Background.', 'The benefits of joining us', 'Professional growth', 'Accelerate your professional journey with mentorship, TechTalks, and personalized growth roadmaps', 'Competitive compensation', 'We match your ever-growing skills, talent, and contributions with competitive USD-based compensation and budgets for education, fitness, and team activities', 'A selection of exciting projects', 'Join projects with modern solutions development and top-tier clients that include Fortune 500 enterprises and leading product brands', 'Flextime', 'Tailor your schedule for an optimal work-life balance, by having the options of working from home and going to the office – whatever makes you the happiest and most productive.', 'Job Types: Full-time, Contract', 'Experience level:', '6 years', 'Work Location: Remote']",Data Engineering,Data Engineer
Data Engineer,Data Engineer,https://www.simplyhired.com/search?q=Data Engineer&l=united+states&t=1&job=qSlOeAe13N5k7rxm0lJatOw5zDp0mH6DuLl5eha5W6jZg-Wwd_swrg, Wheels Up - 3.6 , United States, Full-time," $120,000 - $160,000 a year",2023-11-02,"['Performance tuning', 'Azure', 'Data lake', 'Big data', 'DevOps', 'Data structures', 'MapReduce', 'Spark', 'NumPy', 'AWS Certification', 'Git', 'Google Cloud Platform', '3 years', ""Master's degree"", 'SQL', 'Pandas', 'AWS', ""Bachelor's degree"", 'Distributed systems', 'Terraform', 'GitHub', 'ETL', 'Communication skills', 'Python', 'Hadoop']","['Overview:', 'Who We Are', '', 'We make the extraordinary, accessible, every day.', 'Wheels Up (NYSE: UP), a world leader in private aviation, offers a total private aviation solution that includes world-class safety, service, and flexibility through on-demand flights, membership programs, corporate solutions, aircraft management, whole aircraft sales, and a strategic partnership with Delta Air Lines. We offer a challenging and rewarding career in an exciting and growing industry. This is a chance to join a team of some of the best aviation professionals in the industry, committed to unparalleled safety and service for our clients, in a range of sectors from military to ultra-high-net-worth individuals.', 'Role Overview', 'Wheels Up Partners is a wholly owned subsidiary of Wheels Up. Its services include Private Membership, Aircraft Management, Maintenance, FBO services, Charter Operations, and Aircraft sales. We offer a challenging and rewarding career in an exciting and dynamic industry. This is a chance to join a team which has an incredible depth of knowledge as well as the drive to deliver service excellence to our clients across a wide variety of sectors from the military to ultra -high-net-worth individuals.', 'Wheels Up is looking for a world-class Data Engineer in US-remote to join our team of dedicated and passionate professionals, fueled by the most powerful brand in private aviation, as we continue our mission of democratizing the private aviation space through cutting-edge technology and innovative product and service offerings.', 'Responsibilities:', 'The Data Platform team at Wheels Up is creating a data platform to enable everyone in the organization to make data-driven decisions. We are seeking a data engineer to support building a secure, performant and cost-effective data platform which serves as “single source of truth“.', 'Data Engineering at Wheels Up is a role that requires building systems to process data efficiently and modeling the data to power analytics. These solutions can range from batch data pipelines that bring to life business metrics to real-time processing services that integrate with our core product features. In addition, we require our Data Engineers to have a rich understanding of large distributed systems on which our data solutions rely. Candidates should have knowledge across several of these skill sets and usually need to be deep in at least one. As a Data Engineer, you also need to have strong communication skills since you will need to collaborate with business, engineering, and data science teams to enable a culture of learning.', 'Qualifications:', 'Minimum Qualifications', '3+ years of hands-on experience in data engineering', 'Thorough understanding of big data principles, techniques, and best practices', 'Bachelors or Master degree (or equivalent) in Computer Science, Engineering or a related field', 'Proficient in Python (Including popular python packages e.g. Pandas, NumPy etc.) and SQL', 'Strong background in distributed data processing and storage (e.g. Hadoop, MapReduce, Spark)', 'Large scale (TBs of data) data engineering skills - Model data, create production ready ETL pipelines', 'Development experience with at least one cloud (Azure high preference, AWS, GCP)', 'Knowledge of data lake and data lake house patterns', 'Knowledge of ETL performance tuning and cost optimization', 'Knowledge of data structures and algorithms and good software engineering practices', 'Strong communication skills to articulate complex situation concisely', 'Comfortable with picking up new technologies independently', 'Eye for detail, good data intuition, and a passion for data quality', 'Comfortable working in a rapidly changing environment with ambiguous requirements', 'Nice to Haves', 'Experience with Azure Databricks', 'Knowledge of DevOps - ETL pipeline orchestration', 'Tools: GitHub actions, Terraform, Databricks workflows, Azure DevOps', 'Certifications: Databricks, Azure, AWS, GCP highly preferred', 'Knowledge of code version control (e.g. Git)', 'Wheels Up Story:', 'What’s In It For You', 'Get to work with most cutting edge technologies and modern data stack', 'Be part of a world class engineering team where each member is an owner and a leader', 'Get to solve data problems at scale in a fast paced environment', 'New learning and development opportunities', 'At Wheels Up, you will help make the extraordinary possible. Our culture is rooted in a shared dedication to living our', '5x5 Values', '-', 'Safety, Trust, Accountability, Belonging and Innovation', '- the core of who we are and what we celebrate. At Wheels Up, our people are our success. Exploring a career at Wheels Up gives you a chance earn amazing compensation and benefits, helping you and your family have the type of balance you deserve in both your career, and life away from work:', 'Competitive salary', '401(k) with generous company contributions up to 6%', 'Paid time off including vacation, holidays, paid personal time, maternity and parental leave', 'Comprehensive health benefits including medical, dental, vision, short/long term disability and life benefits', 'Family care assistance through fertility support, surrogacy and adoption assistance, lactation support, subsidized back-up care, and programs that help with loved ones in all stages', 'Total Personal Well-being programs to support physical, emotional, social, and financial health, including access to an employee assistance program offering support for you and anyone in your household, free financial coaching, and extensive resources supporting mental health', 'Career development programs to achieve your long-term career goals', 'Salary Range', 'The wage range for this position ($120,000 – $160,000 base salary) is determined on a variety of factors that are considered in making compensation decisions, such as differences in skill sets; experience and training; licensure and certifications; and other business and organizational needs. This wage range has not been adjusted for any applicable geographic differential associated with where the position may be filled. At Wheels Up, it is not typical for an individual to be hired at or near the top of the range for their role. Your placement within the wage range is primarily based on your qualifications and experience.', 'You may also be eligible to participate in a discretionary annual incentive program, whereby an award, if any, depends on various factors, including, without limitation, individual and organizational performance.', 'What You Will Bring', 'An unwavering commitment to', 'SAFETY', 'The ability to build', 'TRUST', 'through transparency and communication', 'A commitment to achieving results the right way and a willingness to take', 'ACCOUNTABILITY', 'when we do not', 'The knowledge that there is power in bringing people with different points of view and life experiences together and a culture of', 'BELONGING', 'leads to unlimited and unrestricted collaboration', 'A belief that', 'INNOVATION', 'is only possible in an environment where we make things simpler, strive for continuous improvement and understand that great thinking can come from anywhere in our organization', 'A willingness to be curious, constantly asking questions to help promote creative thinking, problem solving and trouble shooting', 'A desire to collaborate and be part of a diverse team and when necessary, lean into and manage conflict effectively', 'A high level of integrity in everything you do', 'A strong commitment to service and a meticulous attention to detail', 'A level of professionalism unmatched in the aviation industry', 'Commitment to Diversity', 'At Wheels Up our 5x5 Value of Belonging is based on the principle that every employee has a voice. We believe in inclusiveness, and celebrate each person’s individuality, because there is power in bringing people with different points of view and life experiences together. We are launching DEIB initiatives that support ALL employees and help to cultivate a culture where ALL employees can bring their authentic selves to work.', 'Accommodation for Applicants with Disabilities', 'Wheels Up is an Equal Employment Opportunity / Affirmative Action employer and provides reasonable accommodation in its application process for qualified individuals with disabilities and disabled veterans. If you have difficulty using our online system due to a disability and need an accommodation, you may email us at hr@wheelsup.com or alternatively send a fax to 859-334-6552. In order to quickly respond to your request, please use the words ""Accommodation Request"" as the subject line of your email or as the title of your fax document.']",Data Engineering,Data Engineer
Data Engineer,Data Engineer II,https://www.simplyhired.com/search?q=Data Engineer&l=united+states&t=1&job=pj1-dntAsKR-jDC0QOL0FrrYr8rq7wUYeohUkV-v5pRD4uop2SbjxA, Vibrant Emotional Health - 2.8 , Remote,," $92,000 - $105,800 a year",2023-11-02,"['R', 'Data governance', ""Master's degree"", 'SQL', ""Bachelor's degree"", 'APIs', 'S3', '1 year', 'AI', 'Python', 'High availability', 'Analytics']","['Position Title: Data Engineer II', '', 'Salary Range: $92,000-$105,800*', '', 'Department: Information Technology', '', 'Reports to: Manager, Data Engineering', '', 'Location: Remote', '', 'Schedule: M-F, 9-5 ET', '', 'New hires are typically brought into the organization between the minimum to midpoint of the salary range posted depending on qualifications, internal equity, and the budgeted amount for the role.', '', 'Formerly the Mental Health Association of New York City (MHA-NYC), Vibrant Emotional Health’s groundbreaking solutions have delivered high quality services and support, when, where and how people need it for over 50 years. Through our state-of-the-art technology-enabled services, community wellness programs, and advocacy and education work, we are building a society in which emotional wellness can be a reality for everyone.', '', 'Position Summary:', '', 'The Data Engineer II is responsible for the development of data pipelines, the orchestration and planning of data transformations and the development and support of data automations. This role interfaces with the Analytics and Research team around the design of data points, measures, and the implementation of models; with Data Governance roles around the alignment of policy and definitions with their implementation; and with Dev Ops, Security and Software Development teams around the broader organization’s use of data infrastructure.', '', 'Duties/Responsibilities:', '', 'Develop patterns for data ingestion using Fivetran, AWS Lambda, and related technologies.', '', 'Orchestrate data transformations using DBT, database functions, materialized views and similar patterns.', '', 'Write tests, integrity checks, conduct performance monitoring and tuning of data systems.', '', 'Write anomaly detection routines to support alerting and monitoring.', '', 'Design and develop secure, high performance, API’s to support data requests.', '', 'Establish patterns for automation of forecasts, scoring, and support of ML/AI implementations.', '', 'Establish patterns for publishing and distributing data sets.', '', 'Establish and maintain archiving and retention schedules.', '', 'Ensure data systems conform with data governance and data security best practices.', '', '', 'Required Skills/Abilities:', '', 'Extensive experience building and supporting data infrastructure.', '', 'Direct experience working with Snowflake, DBT and Fivetran.', '', 'Strong experience with AWS services such as Data Migration Services, RDS, Lambda, API Gateway, S3, etc.', '', 'Expert knowledge of SQL / PSQL.', '', 'Ability to code in Python and R (additional languages a +)', '', 'Strong track record of managing high availability systems.', '', 'Initiative to solve complex problems; takes an outside in perspective to identify innovative solutions.', '', 'We value candidates who have demonstrated commitment to the goal of working with people to achieve mental and emotional wellbeing with dignity and respect.', '', '', 'Required Qualifications:', '', 'Bachelors’ or Masters’ Degree in an analytics or engineering focused discipline or equivalent experience and knowledge.', '', '1+ years of data engineering experience developing and maintaining high availability systems.', '', '', 'Excellent comprehensive benefits, including medical, dental, vision, supplemental income insurance, pre-tax transit/parking, pre-tax FSA for medical and dependent care, and 401K available. 4 weeks’ vacation, plum benefits, etc.', '', '', 'Studies have shown that women and people of color are less likely to apply for jobs unless they believe they are able to perform every task in the job description. We are most interested in finding the best candidate for the job, and that candidate may be one who come from a less traditional background. Vibrant will consider any equivalent combination of knowledge, skills, education and experience to meet minimum qualifications. If you are interested in applying, we encourage you to think broadly about your background and skill set for the role.', '', 'Vibrant Emotional Health is an equal opportunity employer. Applicants are considered for positions without regard to veteran status, uniformed service member status, race, creed, color, religion, gender, gender identity, sex, sexual orientation, citizenship status, national origin, marital status, age, physical or mental disability, genetic information, caregiver status or any other category protected by applicable federal, state or local laws.', '', '""Please be aware that fictitious job openings, consulting engagements, solicitations, or employment offers may be circulated on the Internet in an attempt to obtain privileged information, or to induce you to pay a fee for services related to recruitment or training. Vibrant does NOT charge any application, processing, or training fee at any stage of the recruitment or hiring process. All genuine job openings will be posted on our careers page and all communications from the Vibrant recruiting team and/or hiring managers will be from an @vibrant.org email address""']",Data Engineering,Data Engineer
Data Engineer,Specialist Test Data Systems Engineer,https://www.simplyhired.com/search?q=Data Engineer&l=united+states&t=1&job=WlNuiP8gkJyEcHQ2-JM2KAMlnIGoB42xfjybc6ttHoK4l-T20Hgu5w, L3Harris Technologies - 3.9 ," Culpeper, VA",, Estimated: $104K - $132K a year,2023-11-02,[],"['We are seeking a', 'Specialist, Test Data Systems Engineer', 'to join the team at our', 'Culpeper, VA', 'site.', 'Reporting directly to the', 'Manager, Test Engineering', ', this position will focus on designing and implementing data acquisition and controls systems while working in a test operations environment supporting production and development rocket motor and air-breathing propulsion test programs. This position would be for 1st shift. 7:00 am to 5:00 pm 9/80 schedule.', 'This opening may be filled at this level as posted or at one level higher.']",Data Engineering,Data Engineer
Data Engineer,Network Data Engineer,https://www.simplyhired.com/search?q=Data Engineer&l=united+states&t=1&job=2CQRko_o1_BUv8K5mDncfgqceGfJiSr7Jd1bGS8ivGxvDCd-9EUFDg, Otomashen Inc," Reston, VA", Contract, $36.13 - $48.00 an hour,2023-11-02,"['CCNP', 'Load balancing', 'CCNA', 'OSPF', 'English', '8 years', 'SQL', 'BGP', 'Computer networking', 'MPLS', 'VMWare', 'EIGRP', 'Informatica', 'Citrix', 'Communication skills', 'Data warehouse', '10 years']","['Requirement –', '1. 8 years in network domain', '2. Expert level of knowledge in minimum of the 2 domain below (Build/operation experience)', 'a. Cisco ACI', 'b. VMware NSX', 'c. F5 (LTM/GTM)', 'd. Infoblox', 'e. Citrix Netscalar', 'f. SDWAN (Versa/Silpverpeak/Viptella/Fortinet)', '3. CCNA/CCNP; CCIP will be added Advantage', '4. Knowledge on MPLS , BGP, EIGRP, OSPF.', '5. Ready to work on different technologies', '6. Excellent on verbal and written English communication', '7. Excellent Customer handling skills', '8. Candidate should be open for 24*7 environments.', 'Job Type: Contract', 'Salary: $36.13 - $48.00 per hour', 'Experience level:', '10 years', 'Ability to commute/relocate:', 'Reston, VA 20190: Reliably commute or planning to relocate before starting work (Required)', 'Experience:', 'Informatica: 7 years (Preferred)', 'SQL: 5 years (Preferred)', 'Data warehouse: 8 years (Preferred)', 'Work Location: In person']",Data Engineering,Data Engineer
Data Engineer,Data Engineer,https://www.simplyhired.com/search?q=Data Engineer&l=united+states&t=1&job=VW0OYDLRwnCMIZoJ9IntZ6Woz4Jb2qy-W_vWndVX2Y5je_Hi4zqqKA, Vertex Education - 3.6 ," Chandler, AZ", Full-time, Estimated: $86.1K - $109K a year,2023-11-02,"['Computer science', 'Azure', 'Computer Science', 'Information Systems', 'Tableau', '3 years', ""Master's degree"", ""Bachelor's degree"", 'Python']","['Be the one who makes a difference!', 'At Vertex Education we are a team of high achievers, courageous leaders, and passionate believers in changing lives through education. As a purpose-led education services provider, our mission is destined to benefit many and yet it starts with just one person inspired to work together with us to make a memorable and meaningful difference for our clients, schools, students, and communities. Be the one who makes a difference—with us.', 'Data Engineer', 'At Vertex Education, we understand the critical role that data plays in unlocking', 'insights, driving innovation, and making informed business decisions. As we expand', ""and refine our Business Intelligence capabilities, we're on the lookout for a Data"", 'Engineer who can elevate our data infrastructure to the next level. This position is', ""more than just managing databases—it's about creating an environment where data"", 'is easily accessible, flawlessly accurate, and primed for analysis. As a pivotal', 'member of our BI team, the Data Engineer will collaborate closely with BI analysts', 'and the BI manager, owning the entire lifecycle of our data processes. From', 'designing new pipelines to ensuring the integrity of our data, this role is essential to', 'ensuring our analysts have the tools they need to deliver rapid insights.', 'Design & Implementation of Data Pipelines', '', 'Design & Architecture: Design the data flow and architecture for new', 'pipelines, ensuring scalability and compatibility with the existing', 'infrastructure.', '', 'Integration with Sources: Establish connections to various structured data', 'sources, utilizing tools like Fivetran for seamless integration or write custom', 'Python as necessary.', '', 'Data Transformation & Modeling: Implement and refine data', 'transformation processes in Snowflake to convert structured data into', 'optimized models suitable for analysis using DBT. Ensure efficient data', 'retrieval and alignment with analytical needs.', '', 'Tool Evaluation & Integration: Explore and integrate new tools or', 'technologies that can enhance the overall efficiency and capability of the', 'data engineering ecosystem.', 'Quality Assurance & Data Integrity', '', 'Quality Assurance: Implement initial data quality checks to ensure', 'accuracy and integrity of data ingested from new sources.', '', 'Audit & Evaluation: Periodically review existing pipelines to identify', 'performance bottlenecks, data quality issues, or outdated practices.', '', 'Monitoring & Alerting: Implement robust, automated monitoring solutions', 'for the entire data engineering environment, ensuring timely alerts and', 'prompt resolution of any data quality issues.', '', 'Data Quality Enhancement: Introduce or refine data validation, cleansing,', 'and deduplication processes to elevate data accuracy and reliability.', 'Infrastructure & Environment Management', '', 'Infrastructure Optimization: Regularly evaluate and optimize the Azure,', 'Fivetran, and Snowflake environments for performance, cost-efficiency, and', 'scalability.', 'Data Security & Compliance: Prioritize and enforce robust data security', 'measures, ensuring data privacy regulations are adhered to and the', 'infrastructure remains compliant with industry standards.', '', 'Best Practices & Training: Stay updated with industry best practices and', 'ensure that the BI team is trained and aligned with the latest data', 'engineering standards.', 'Documentation & Continuous Improvement', '', 'Comprehensive Documentation: Produce and update documentation for', 'both new and existing pipelines, capturing source details, transformation', 'logic, and any known limitations, ensuring it remains current and accurate.', '', 'Stakeholder Engagement: Foster close collaboration with the BI analysts,', 'understanding their evolving data needs and adapting pipelines accordingly.', '', 'Feedback Mechanism: Establish and sustain a robust feedback loop with', 'the BI team and potential future data scientists, ensuring rapid identification', 'and rectification of performance bottlenecks.', '', 'Innovation & Best Practices: Stay abreast of industry trends, proactively', 'introducing innovative techniques, tools, or methodologies that can enhance', 'the efficiency and effectiveness of the data engineering ecosystem.', 'Education and Experience', 'Education:', '', 'Bachelor’s degree in Computer Science, Information Systems, Engineering, or', 'a related field.', '', 'Master’s degree in a related field is a plus.', 'Experience:', '', 'Minimum of 3-5 years of experience in data engineering or a related role.', 'Proven expertise in working with cloud platforms, preferably Azure.', 'Hands-on experience with data pipeline tools such as Fivetran, DBT, and', 'Snowflake.', '', 'Expertise in Python and basic software engineering best practices', 'Familiarity with BI tools, with Tableau experience being a distinct advantage.', 'Demonstrated ability to design, build, and maintain scalable and robust data', 'pipelines.', '', 'Prior experience working in close collaboration with BI analysts or data', 'scientists is a plus.', 'Certifications (optional but advantageous):', '', 'Azure Data Engineer Associate certification or other relevant cloud', 'certifications.', '', 'Certifications related to specific data engineering tools or platforms, such as', 'Snowflake SnowPro Core Certification, SnorPro Advanced Data Engineer Cert,', 'or other comparable.', 'Be excited to be a part of our team and grow your career with us!', '', 'Be the one who enables us to positively impact over 25,000 students across multiple states while driving our growth forward so we can enrich even more lives. Be the one who helps us achieve excellence for the 26 schools we support with academics, finance, technology, human resources, communications, marketing, facilities, construction, and food services. Be the one who is a diverse thinker, a team player, a smart risk taker, an innovator, and a difference maker by encouraging others to climb higher and reach farther to further education.', 'Be yourself surrounded by wonderful people who care about you, value your unique skills, and lift you up.', 'Be supported in your work by caring leaders and team members who want you to succeed.', 'Be empowered to make a difference and climb higher and reach farther to change lives through education.', 'Be well in all aspects of your life from your physical, mental, and emotional wellbeing to your finances.', 'Enjoy industry-leading pay, rewards, referral bonuses, with unlimited flexible paid time-off for performance.', 'Be able to care for your health and your family with comprehensive medical, dental and vision benefits and invest in your future with 401(k) plans with a 6% employer match on your contributions.', 'Enhance your growth and development with mentoring and money to take training classes.', 'Thrive in a welcoming, supportive, and inclusive environment where we treat others with fairness and respect, celebrate diversity, and elevate equality and inclusion as an equal opportunity employer.', 'Be the one who makes a difference!', 'With an innovative mind, a hungry heart, and engaging spirit you can change lives through education. Be a part of Vertex Education and let’s make a difference together. Apply Today!']",Data Engineering,Data Engineer
Data Engineer,Azure Data Engineer (Only W2),https://www.simplyhired.com/search?q=Data Engineer&l=united+states&t=1&job=Zqpc9QnV23QGPYTqJQHe-u81Qm2PfURvow1Y76jxj1Ghj7x_GKdp7A, Diverseteam LLC," North Chicago, IL", Contract, Up to $55 an hour,2023-11-02,"['Azure', '8 years', 'SQL', 'Informatica', 'Data warehouse']","['Hi,', 'Hope you are doing great.', 'Pleasure mailing you. I wanted to touch base with you regarding one of our client opportunities. Please go through the below requirement and let me know if you are comfortable for the position.', 'Please send me your updated', 'resume along with LinkedIn ID', 'and the best salary/Hourly rate, visa status and availability. An early response is really appreciated.', 'Job Role: Azure Data Engineer', 'Job Location: Chicago IL (Day 1 onsite) (Local to IL)', 'Job Type: contract (Only W2)', 'Please share local to IL', 'New skill set required for GRS modularization and cloud migration: Expertise in Azure cloud, middle tier, back-end, SQL/Synapse', 'Rahul Prajapati | Technical Recruiter | Diverse Team LLC |', 'Contact Number: 3523532565', 'Email: Rahul.p@diverseteam.com', 'Job Type: Contract', 'Pay: Up to $55.00 per hour', 'Experience level:', '8 years', 'Schedule:', '8 hour shift', 'Ability to commute/relocate:', 'North Chicago, IL 60064: Reliably commute or planning to relocate before starting work (Required)', 'Experience:', 'Informatica: 1 year (Preferred)', 'SQL: 1 year (Preferred)', 'Data warehouse: 1 year (Preferred)', 'Work Location: In person']",Data Engineering,Data Engineer
Data Engineer,Data Engineer I,https://www.simplyhired.com/search?q=Data Engineer&l=united+states&t=1&job=jCfjoVyBRltT-VPE2DDHEJSztv88GnWlFz-xA0LnMkJx3Tck3tj4uA, Renaissance - 3.4 , Remote, Full-time," $61,800 - $85,000 a year",2023-11-02,"['SFTP', 'Microsoft Excel', 'XML', 'Relational databases', 'C#', '.NET', 'Databases', 'SQL', 'AWS', 'JavaScript', 'PostgreSQL', 'Organizational skills', 'S3', 'Linux', 'JSON', 'Communication skills', 'Python', 'PowerShell']","['Company Description', 'When you join Renaissance®, you join a global leader in pre-K–12 education technology! Renaissance’s solutions help educators analyze, customize, and plan personalized learning paths for students, allowing time for what matters—creating energizing learning experiences in the classroom.', 'Our fiercely passionate employees and educational partners have helped drive phenomenal student growth, with Renaissance solutions being used in over one-third of US schools and in more than 100 countries worldwide! Every day, we are connected to our mission by exemplifying our values: trust each other, win together, strive for the best, own our actions, and grow and evolve.', '', '', 'Job Description', ""The Renaissance Data Services team is responsible for the successful integration of data sources into a customer's product. The Data Engineer I makes technical connections to data imports and exports, writes scripts, troubleshoots, and solves customer data issues. They use their skills to craft and implement process improvements to enhance our data integrations with customer products."", 'As a Data Engineer I, you will:', 'Connect with school district systems and data providers to populate customer sites with vital data (i.e. roster, behavior, attendance, etc.).', 'Design, construct, install, test and maintain ETLs and other data management processes.', 'Debug and provide daily technical support for customer issues; resolve advanced client data issues.', 'Communicate effectively with clients to understand their needs and to propose and deliver solutions.', 'Collaborate with Support to advise and solve customer data quality issues.', '', '', 'Qualifications', 'For this role as Data Engineer I, you must have:', 'Experience using common data tools such as Python, PostgreSQL, etc.', 'Knowledge and understanding of programming in (current- SQL, in the future- .Net, C#, AWS, etc.), data queries, relational databases, etc. Experience working with common data formats and tools such as Excel, XML, JSON', 'Knowledge and understanding of open-source technologies such as Babelfish for PostgreSQL, OpenSearch, Airflow', 'Experience with working with S3 buckets, sending and receiving files via SFTP', 'Strong written and verbal communication skills', 'Strong organizational skills and attention to detail', 'Bonus points for:', 'Knowledge and experience with Renaissance products', 'Experience working in an education technology environment.', 'Knowledge of cloud technologies and platforms, AWS preferred', 'JavaScript and familiarity with front end frameworks such as Powershell or Linux', 'Additional Information', 'All your information will be kept confidential according to EEO guidelines.', 'Salary Range: $61,800 - $85,000', 'This range is based on national market data and may vary by location.', 'Benefits:', 'World Class Health Benefits: Medical, Prescription, Dental, Vision, Telehealth', 'Health Savings and Flexible Spending Accounts', '401(k) and Roth 401(k) with company match', 'Paid Vacation and Sick Time Off', '12 Paid Holidays', 'Parental Leave (20 total weeks with 14 weeks paid) & Milk Stork program', 'Tuition Reimbursement', 'Life & Disability Insurance', 'Well-being and Employee Assistance Programs', '', 'Frequently cited statistics show that some women, underrepresented individuals, protected veterans and individuals with disabilities may only apply to roles if they meet 100% of the qualifications. At Renaissance, we encourage all applications! Roles evolve over time, especially with innovation, and you may be just the person we need for the future!', 'EQUAL OPPORTUNITY EMPLOYER', 'Renaissance is an equal opportunity employer and does not discriminate with respect to any term, condition or privilege of employment based on race, color, religion, sex, sexual orientation, gender identity or expression, age, disability, military or veteran status, marital status, or status of an individual in any group or class protected by applicable federal, state, or local law.', 'REASONABLE ACCOMMODATIONS', 'Renaissance also provides reasonable accommodations for qualified individuals with disabilities in accordance with the Americans with Disabilities Act and applicable state and local laws. If accommodation is needed to participate in the job application or interview process, please contact Talent Acquisition.', 'EMPLOYMENT AUTHORIZATION', 'Applicants must be authorized to work for any employer in the United States. We are unable to sponsor or take over sponsorship of an employment Visa at this time.', 'For information about Renaissance, visit: https://www.renaissance.com/']",Data Engineering,Data Engineer
Data Engineer,Resources and Tools,https://www.simplyhired.com/search?q=Data Engineer&l=united+states&t=1&job=92fJCk0oycH2bVPb8cvDwuVtJbtQA86MNV_BRg15nwukX7D7SKSSfg,,,,,2023-11-02,[],,Data Engineering,Data Engineer
Data Engineer,Data Engineer,https://www.simplyhired.com/search?q=Data Engineer&l=united+states&t=1&job=zc_84joyPwRcOQk7Jg5U8TpUCBcl5AvZjs1mAOb58hHSNOXNkvQvgw, Billings Clinic - 3.5 ," Billings, MT", Full-time," $68,161 - $102,211 a year",2023-11-02,"['Computer science', 'Data modeling', 'Azure', 'Oracle', 'Management', 'Computer Science', 'Vendor management', 'Bachelor of Science', 'DevOps', 'Visual Studio', 'Data structures', 'Microsoft SQL Server', 'Information Systems', 'SQL', 'AWS', ""Bachelor's degree"", 'Scala', 'SQL Server Management Studio', 'Mentoring', 'Software development', 'GitHub', 'ETL', 'Agile', 'Unit testing', '1 year', 'Root cause analysis', 'Communication skills', 'Data warehouse', 'Python', 'T-SQL']","['You’ll want to join Billings Clinic for our outstanding quality of care, exciting environment, interesting cases from a vast geography, advanced technology and educational opportunities. We are in the top 1% of hospitals internationally for receiving Magnet® Recognition consecutively since 2006.', 'And you’ll want to stay at Billings Clinic for the amazing teamwork, caring atmosphere, and a culture that values kindness, safety and courage. This is an incredible place to learn and grow. Billings, Montana, is a friendly, college community in the Rocky Mountains with great schools and abundant family activities. Amazing outdoor recreation is just minutes from home. Four seasons of sunshine!', '', 'You can make a difference here.', '', 'About Us', 'Billings Clinic is a community-owned, not-for-profit, Physician-led health system based in Billings with more than 4,700 employees, including over 550 physicians and non-physician providers. Our integrated organization consists of a multi-specialty group practice and a 304-bed hospital. Learn more about Billings Clinic (our organization, history, mission, leadership and regional locations) and how we are recognized nationally for our exceptional quality.', '', '', 'Your Benefits', 'We provide a comprehensive and competitive benefits package to all permanent full-time employees (minimum of 24 hours/week), including Medical, Dental, Vision, 403(b) Retirement Plan with employer matching, Defined Contribution Pension Plan, Paid Time Off, employee wellness program, and much more.', '', 'Magnet: Commitment to Nursing Excellence', 'Billings Clinic is proud to be recognized for nursing excellence as a Magnet®-designated organization, joining only 97 other organizations worldwide that have achieved this honor four times. The re-designation process happens every four years.', 'Pre-Employment Requirements', 'All new employees must complete several pre-employment requirements prior to starting.', '', 'Data Engineer', '', 'PMO / OPERATIONS - 8732 (ROCKY MOUNTAIN PROFESSIONAL BUILDING)', '', 'req6747', '', '', 'Shift:', 'Day', '', 'Employment Status:', 'Full-Time (.75 or greater)', '', 'Hours per Pay Period:', '1.00 = 80 hours (Exempt)', '', 'Starting Salary DOE:', '$68,161 - $102,211', 'This position is eligible for full-time remote and/or telework if located in Montana, Wyoming, Hawaii, Kansas, Minnesota, Michigan, Arizona, or Texas.', 'Depending on education and experience, applicants may be considered for Data Engineer, Senior Data Engineer, or Principal Data Engineer', 'The Data Engineer acts as subject matter experts of the data repositories available within the organization by obtaining an in-depth understanding of each source system. These engineers are primarily focused on the creation, management, and availability of data pipelines to support structured analytics.', 'Essential Job Functions', 'Develops data pipelines using extract, transform, and load (ETL/ELT) processing routines for enterprise level data warehousing initiatives.', 'Writes advanced queries using data scripting language including T-SQL, CCL, Python, Scala.', 'Create and maintain data structures and data models to support data at all stages of the data pipeline development lifecycle.', 'Maintain, tune, and scale big data infrastructure platforms (Snowflake, AWS, Azure) to appropriately handle workloads.', 'Identify, design, and implement internal process improvements: automating manual processes, optimizing data delivery, data acquisition, data enrichment, re-designing infrastructure for greater scalability, etc.', 'Perform database performance tuning methods to ensure uptime and data refresh rate SLAs are met.', 'Participate in data engineering team code reviews and offer recommendations regarding data architecture.', 'Supports department BI Analysts in translating business requirements into Azure DevOps development tasks to properly track and implement solutions that meet the needs of stakeholders by way of agile development lifecycles.', 'Align with Billings Clinic data engineering development standards to deliver uniform results providing a consistent and supportable view of data across the organization.', 'Duties may require 24 hour, seven days per week on-call responsibility for project support or for escalated support issues.', 'Supports and models behaviors consistent with Billings Clinic’s mission, vision, values, code of business conduct and service expectations. Meets all mandatory organizational and departmental requirements. Maintains competency in all organizational, departmental and outside agency standards as it relates to the environment, employee, patient safety or job performance.', 'Performs all other duties as assigned or as needed to meet the needs of the department/organization.', 'Department or Level Specific Duties and Responsibilities', '', 'Drives end-to-end data pipeline development efforts for on-time delivery of high-quality data solutions that conform to requirements and comply with all applicable standards.', 'Identifies needs, designs, and implements solutions that are automated, scalable, and sustainable while minimizing defects and technical debt.', 'Evaluates and analyzes the current system architecture to improve uptime and responsiveness. Provides recommendation and executes on activities including database tuning, data structure optimization, and server resource scaling.', 'Proactively finds opportunities for data acquisition to enrich our data environment.', 'Actively participates in code reviews and effectively communicate issues and risks to stakeholders', 'Provides knowledge sharing or mentorship opportunities to other engineers.', 'Guide our efforts in all areas of database design, performance, and reliability.', 'Investigates and troubleshoots complicated analytic application and stability issues.', 'Ensures databases are operational and provide valid and relevant data.', 'Incorporate unit testing and regression testing to ensure defect-free builds and releases.', 'Minimum Qualifications', 'Data Engineer', 'Education', '', '', 'B.S or equivalent degree in Computer Science, Information Systems, or related field', 'Experience', 'Experience or knowledge in DBMS platforms (e.g., Oracle, MSSQL, Snowflake etc.)', 'Experience or knowledge in data programming languages (e.g., T-SQL, CCL, Python, Scala, etc.)', 'Familiarity with large-scale data warehouse concepts, ETL/ELT development, data modeling, and database tuning.', 'Experience or knowledge in database utilities and IDEs (e.g., SSMS, AQT, Visual Studio, etc.)', 'Experience with coordinating code deployments from development, test, and production environments.', 'Experience or knowledge of source/version control processes in tools such as (Azure DevOps, Github, etc.)', 'Knowledge of various software development best practices and methodologies for Agile product delivery', 'Familiarity with root cause analysis and problem resolution.', 'Strong verbal and written communication skills, ability to perform under pressure, attention to detail and appreciation for rigorous release management process is important.', 'An equivalent combination of education and experience will be considered', 'Senior Data Engineer', 'Education', 'B.S or equivalent degree in Computer Science, Information Systems, or related field', 'Experience', 'Minimum of 3 years related work experience', 'Demonstrated strength and proficiency in DBMS platforms (e.g., Oracle, MSSQL, Snowflake etc.)', 'Demonstrated strength and proficiency in data programming languages (e.g., T-SQL, CCL, Python, Scala, etc.)', 'Demonstrated strength and proficiency with large-scale data warehouse implementation, ETL/ELT development, data modeling, and database tuning.', 'Demonstrated strength and proficiency in database utilities and IDEs (e.g., SSMS, AQT, Visual Studio, etc.)', 'Advanced experience with coordinating code deployments from development, test, and production environments.', 'Advanced experience of source/version control processes in tools such as (Azure DevOps, Github, etc.)', 'Advanced experience in software development best practices and methodologies for Agile product delivery', 'Strong knowledge of root cause analysis and problem resolution.', 'Strong verbal and written communication skills, ability to perform under pressure, attention to detail and appreciation for rigorous release management process is important.', '1 year experience in Vendor management', 'An equivalent combination of education and experience will be considered', 'Principal Data Engineer', 'Education', '', '', 'B.S or equivalent degree in Computer Science, Information Systems, or related field', 'Experience', 'Minimum of 8 years related work experience', 'Minimum of 3 years data architecture experience, including data ingestion, processing, storage and reporting in a big data environment.', 'Demonstrated ability in mentoring other data engineers on best practices and assisting on setting architectural direction.', 'Demonstrated ability in taking lead on large scale data engineering initiatives.', 'Advanced expertise in DBMS platforms (e.g., Oracle, MSSQL, Snowflake etc.)', 'Advanced proficiency in more than one data programming languages (e.g., T-SQL, CCL, Python, Scala, etc.)', 'Advanced expertise in large-scale data warehouse implementation, ETL/ELT development, data modeling, and database tuning.', 'Demonstrated strength and proficiency in database utilities and IDEs (e.g., SSMS, AQT, Visual Studio, etc.)', 'Advanced experience with coordinating code deployments from development, test, and production environments.', 'Advanced experience of source/version control processes in tools such as (Azure DevOps, Github, etc.)', 'Demonstrated strength in software development best practices and methodologies for Agile product delivery', 'Strong verbal and written communication skills, ability to perform under pressure, attention to detail and appreciation for rigorous release management process is important.', '3 years’ experience in Vendor management', '', 'Billings Clinic is Montana’s largest health system serving Montana, Wyoming and the western Dakotas. A not-for-profit organization led by a physician CEO, the health system is governed by a board of community members, nurses and physicians. Billings Clinic includes an integrated multi-specialty group practice, tertiary care hospital and trauma center, based in Billings, Montana. Learn more at', 'www.billingsclinic.com/aboutus', '', 'Billings Clinic is committed to the principles of Equal Employment Opportunity. All policies and processes are designed toward achieving fair and equitable treatment of all employees and job applicants. Employees are encouraged to discuss any concerns they have in this regard with their immediate supervisor and/or the Vice President People Resources. All employees and job applicants will be provided the same treatment in all aspects of the employment relationship, regardless of race, color, creed, religion, national origin, gender, gender identity, sexual orientation, age, marital status, genetic information or disability.']",Data Engineering,Data Engineer
Data Engineer,Resources and Tools,https://www.simplyhired.com/search?q=Data Engineer&l=united+states&t=1&job=12l4Bqoq6HMPiplOKrSnV0vE8S9A1YHtLGpcnJt08955MBhv6x9WSw,,,,,2023-11-02,[],,Data Engineering,Data Engineer
Data Engineer,Resources and Tools,https://www.simplyhired.com/search?q=Data Engineer&l=united+states&t=1&job=cAjF_VUlJbY_Zij7Ub2c3tZzvjjdHF43I9vrYCTG5yoml8nX-1XJwg,,,,,2023-11-02,[],,Data Engineering,Data Engineer
Data Engineer,Measurement Data Engineer,https://www.simplyhired.com/search?q=Data Engineer&l=united+states&t=1&job=hmDj9ZYSLMFA0stiO7gxxtOmvZgx5E5vJ5NCjogu-l8iYhMyc9dDew, Whalar, Remote,," $110,000 - $140,000 a year",2023-11-02,"['Looker', 'Management', 'D3.js', 'Bachelor of Science', 'DevOps', 'Spark', 'Tableau', 'SQL', 'AWS', 'Math', ""Bachelor's degree"", 'JavaScript', 'Data analytics', 'Software development', 'ETL', 'Data visualization', '4 years', 'Python']","['Job Title:', 'Measurement Data Engineer', '', 'Work Location:', 'Remote from within the NY tri-state area and must be open to commuting into the city when need be.', '', 'Start Date', ': ASAP', '', '', ""Recently named one of Fast Company's Most Innovative Companies and AdAge's A-List Awards Social Media/Influencer Agency of the Year, Whalar is a global creator commerce company that enables creators, brands, and the world's leading social platforms to work better together to drive business growth for all."", '', 'We help brands stay culturally relevant through strategic creator relationships that deliver entertaining and must-see content at scale. We are differentiated by our unique capabilities, including comprehensive creator talent management, brand partnership expertise, proprietary technology, and a dedicated Web3 innovation practice. Our team includes over 300 diverse storytellers, creatives, data, and technology specialists across North America, Europe, APAC, and MENA.', '', 'We power the Creator Economy. We are Whalar.', '', 'ABOUT THE ROLE:', '', 'The ideal candidate is accountable, organized, deadline-driven, and a proactive analytical thinker who will help take our work to the next level. Reporting to the President of Measurement and Analytics, the Measurement Data Engineer will be the lead in consolidating, standardizing, and automating measurement reporting for internal and external stakeholders. This will manifest through data pipeline creation, management, and visualization.', '', ""Here's what you'll do on the day-to-day:"", '', 'Streamline disparate data sources for reporting and analysis', '', 'Create data visualizations and dashboards for internal and external stakeholders', '', 'Standardize and automate data exports globally', '', 'Coordinate research and analytic activities utilising various data points (unstructured and structured) and employ programming to clean and transform data', '', 'Coordinate with DevOps and data engineers to build data environments providing data identified by product or engineering teams', '', 'Analyse issues with data and determine root causes.', '', 'Proactively suggest, research and prototype new data ideas.', '', 'Work closely with the greater analytics team to ensure the ongoing evolution and improvement of reporting outputs', '', ""Here's what we're looking for:"", '', 'BS Telecommunications/Software Engineer/Mathematics or related technical degrees.', '', '4+ years of work experience in data analytics, software development, ETL automation', '', 'Strong hands on experience with SQL, Python, AWS infrastructure', '', 'Advanced in SQL, capable of getting the data required from the appropriate sources, and building data pipelines if needed', '', 'Good mathematics skills', '', 'Capable of explaining complex concepts to peers and stakeholders', '', 'Advanced knowledge with Data Visualization Tools (matplotlib, ggplot, d3.js, Tableau, Any other BI tools like Looker, Amplitude)', '', 'Working with data pipelines (Airflow, dbt) or Big Data technologies (Spark)', '', '', ""The salary range for this role is$110,000 - $140,000 and serves as a general guideline reflecting the potential compensation for the role. The final salary offer will be determined based on a comprehensive evaluation of factors such as the candidate's experience, expertise, alignment with the position's requirements, and ultimately budget approvals."", '', 'Our values:', '', 'Farewell to long commutes! Our remote-friendly roles offer unmatched comfort and connectivity. By wholeheartedly embracing a camera-friendly culture, our scheduled meetings ingeniously forge a strong sense of connection and camaraderie, even when working from diverse locations. Whalar is located across 18 states in the US and 6 countries including England, Spain, and Estonia.', '', ""At Whalar, diversity, equity, inclusion, and accessibility are at our core. We are deeply committed to reflecting on the unique journeys, authentic voices, and perspectives of our people, our creators, and the communities they represent. Our hope is to impact accessibility beyond compliance and help break societal stigmas and stereotypes. We hire great people from various backgrounds, not just because it's the right thing to do, but because it strengthens our company."", '', 'The perks:', '', 'Whalar provides flexible benefits and collaborative work environments/experiences, empowering employees to work productively in a setting that best and uniquely suits their needs.', '', '', 'Company-wide yearly bonus', '', 'Medical, Dental, Vision', '', '25 days of PTO + Sick days + Winter break', '', 'Retirement planning with employer match', '', 'Monthly phone/internet reimbursement', '', 'Professional development stipend', '', 'Home office allowance', '', 'Fertility benefits', '', '16 weeks of paid parental leave', '', 'Calm', 'App subscription (Add up to 4 dependents)', '', 'Fwrd personal development', '', 'App subscription', '', 'Volunteer Days', '', 'Identity theft protection & Legal assistance', '', 'Life & Disability Insurance', '', 'Pet Insurance', '', 'Social Programs', '', '', 'Whalar provides equal employment opportunities to all employees and applicants for employment and prohibits discrimination and harassment of any type without regard to race, color, religion, age, sex, national origin, disability status, genetics, protected veteran status, sexual orientation, gender identity or expression, or any other characteristic protected by federal, state or local laws. Equal opportunity extends to all aspects of the employment relationship, including hiring, promotions, training, working conditions, compensation, and benefits.']",Data Engineering,Data Engineer
Data Engineer,Senior Data Engineer,https://www.simplyhired.com/search?q=Data Engineer&l=united+states&t=1&job=0X2uuG__7ybs7t0noXCyzy6UGqJbhqvaRskDWigXeWWMVyHVvXFhCA, Recruiting From Scratch - 4.0 ," Newark, NJ", Full-time," $100,000 - $200,000 a year",2023-11-02,"['Data modeling', 'Kubernetes', 'Relational databases', '5 years', 'Big data', 'Software deployment', 'Spark', 'Test automation', 'Test-driven development', 'Databases', 'SQL', 'Docker', 'Continuous integration', 'APIs', 'ETL', 'Agile', 'S3', 'Kafka', 'Python']","['This is for a client of Recruiting from Scratch.', 'Who is Recruiting from Scratch:', 'Recruiting from Scratch is a premier talent firm that focuses on placing the best product managers, software, and hardware talent at innovative companies. Our team is 100% remote and we work with teams across the United States to help them hire. We work with companies funded by the best investors including Sequoia Capital, Lightspeed Ventures, Tiger Global Management, A16Z, Accel, DFJ, and more.', 'Our Client:', 'Our next evolution is underway as a newly public company looking to expand and continue to build meaningful experiences for our users. From social issues to original content, we’re blazing innovative paths with impact for our community, all while leveraging the latest tech stacks and striving for engineering excellence. At the heart of our work in this new chapter is a shared set of core values: openness and exploration, a bias for action, and strong support of the LGBTQ community.', 'With a track record of strong financial performance and plans for continued headcount growth, we’re looking to build a team of talented, passionate, and open-minded people who believe in our mission, align with our values, and are excited to work at the intersection of innovative technology and social impact. Come be a part of this exciting journey with us.', 'What’s so interesting about this role?', 'Our client is looking to bring on a Senior Data Engineer with chops in cutting edge real-time streaming technologies and ambitions to achieve high quality and reliability with TDD, automation, and continuous delivery. .', 'In this role, you will have the opportunity to work with our product teams, building models and APIs to drive new features, delivers analysis to further improve engagement in existing features, and empowers our business with real-time insights to drive growth in market share, engagement, and revenue. We see 1 trillion events per year and process 10TB of data daily.', 'What’s the job?', 'Design, develop and deliver data products to production, complying with internal data governance, security and scalability of our system.', 'Moving implementation to ownership of real-time and batch processing and data governance and policies.', 'Maintain and enforce the business contracts on how data should be represented and stored.', 'Stay on top of new technologies through R&D and prototyping to continuously improve our big data architectures and systems to streamline how we deliver value with high quality to our end users', 'Implementing ETL processes, moving data between systems including S3, Snowflake, Kafka, and Spark.', 'Work closely with our Data Scientists, SREs, and Product Managers to ensure software is high quality and meets user requirements.', 'What we’ll love about you', '5+ years of experience working with data at scale, including data engineering, business intelligence, data science, or related field.', '7+ years experience using Python,', 'Experience using big data technologies (Snowflake, Airflow, Kubernetes, Docker, Helm, Spark, pySpark, )', 'Significant experience with relational databases and query authoring (SQL) in Snowflake or other distributed Databases.', 'Experience with agile engineering practices such as TDD, Pair Programming, Continuous Integration, automated testing, and deployment.', 'Experience with building stream-processing systems, using solutions such as Kafka, Storm or Spark-Streaming', 'Experience with dimensional data modeling and schema design in Data Warehouses', 'Familiar with ETL (managing high-quality reliable ETL pipelines)', 'Be familiar with legal compliance (with data management tools) data classification, and retention.', 'Salary Range: $165,000-$210,000 USD base.', 'Equity. Medical, Dental, Vision.', 'https://www.recruitingfromscratch.com/']",Data Engineering,Data Engineer
